{
    "log-level": "INFO",
    "domain-name": "prod-api.neimanmarcuscloud.com",
    "certificate-name": "*.neimanmarcuscloud.com",
    "api-gateway-type": "edge",
    "deploy": {
        "authorizer": {
            "arn": "arn:aws:lambda:us-west-2:247080884579:function:uca-authorizer-prod-authorizer:provisioned"
        }
    },
    "send-email": {
        "arn": "arn:aws:lambda:us-west-2:247080884579:function:aria-email-prod-aria_email_notification",
        "defaultBrand": "NM",
        "invitationTemplate": "invitation_template",
        "waitListTemplate": "waitlist_template",
        "invitationSubject": "You have been invited to Stanley. The Neiman Marcus Lifestyle assistant.",
        "waitListSubject": "YOU HAVE BEEN ADDED TO THE WAITLIST.",
        "initial-delay": {
            "minutes": "1440"
        }
    },
    "get-associate-status": {
        "arn": "arn:aws:lambda:us-west-2:247080884579:function:osp-notification-service-prod-getAssociateStatus"
    },
    "schedule": {
        "resend-emails": {
            "rate": "rate(1 day)",
            "enabled": "true",
            "time-period-days": "14",
            "max-attempts": "2"
        }
    },
    "optimizely": {
        "send-invitation-email": "aria-white-list-send-invitation-email-enabled",
        "send-confirmation-email": "aria-white-list-send-wait-list-email-enabled"
    },
    "provisioned-concurrency": {
        "enabled": true,
        "min": 1,
        "max": 5
    },
    "cdp": {
        "white-list": {
            "region": "us-west-2",
            "arn": "arn:aws:sns:us-west-2:786228325737:cdp-aiq-mobile-whitelist-topic-prod",
            "bucket": "nmg-cdp-actioniq-shared-prod"
        }
    },
    "replication": {
        "stylyze": {
            "bucket":"arn:aws:s3:::neimanmarcus-customer-purchase-history-prod",
            "account":"248707155324",
            "status": "Enabled",
            "metrics": {
                "status": "Enabled"
            }
        },
        "eda": {
            "bucket":"arn:aws:s3:::nmg-analytics-rt-landing-prod",
            "account":"786228325737",
            "status": "Enabled",
            "metrics": {
                "status": "Enabled"
            }
        }
    },
    "osp-org-hierarchy": {
        "arn": "arn:aws:dynamodb:us-west-2:247080884579:table/osp-org-hierarchy-prod"
    },
    "email-signature-data": {
        "arn": "arn:aws:dynamodb:us-west-2:247080884579:table/email-signature-data-prod"
    },
    "chat": {
        "platinum": {
            "flex-flow-url": "https://flex-api.twilio.com/v1/Channels"
        }
    }
}
