{
    "log-level": "DEBUG",
    "domain-name": "dev-int-api.nmgcloudapps.com",
    "certificate-name": "*.nmgcloudapps.com",
    "api-gateway-type": "regional",
    "deploy": {
        "authorizer": {
            "arn": "arn:aws:lambda:us-west-2:168860074409:function:uca-authorizer-dev-int-authorizer:provisioned"
        }
    },
    "send-email": {
        "arn": "arn:aws:lambda:us-west-2:168860074409:function:aria-email-qa-aria_email_notification",
        "defaultBrand": "NM",
        "invitationTemplate": "invitation_template",
        "waitListTemplate": "waitlist_template",
        "invitationSubject": "You have been invited to Stanley. The Neiman Marcus Lifestyle assistant.",
        "waitListSubject": "YOU HAVE BEEN ADDED TO THE WAITLIST.",
        "initial-delay": {
            "minutes": "1440"
        }
    },
    "get-associate-status": {
        "arn": "arn:aws:lambda:us-west-2:168860074409:function:osp-notification-service-qa-getAssociateStatus"
    },
    "schedule": {
        "resend-emails": {
            "rate": "rate(1 minute)",
            "enabled": "true",
            "time-period-days": "14",
            "max-attempts": "2"
        }
    },
    "optimizely": {
        "send-invitation-email": "aria-white-list-send-invitation-email-enabled",
        "send-confirmation-email": "aria-white-list-send-wait-list-email-enabled"
    },
    "provisioned-concurrency": {
        "enabled": false,
        "min": 0,
        "max": 1
    },
    "cdp": {
        "white-list": {
            "region": "us-west-2",
            "arn": "arn:aws:sns:us-west-2:617847461295:cdp-aiq-mobile-whitelist-topic-qa",
            "bucket": "nmg-cdp-actioniq-shared-qa"
        }
    },
    "replication": {
        "stylyze": {
            "bucket":"arn:aws:s3:::neimanmarcus-customer-purchase-history-qa",
            "account":"248707155324",
            "status": "Enabled",
            "metrics": {
                "status": "Disabled"
            }
        },
        "eda": {
            "bucket":"arn:aws:s3:::nmg-analytics-rt-landing-qa",
            "account":"617847461295",
            "status": "Disabled",
            "metrics": {
                "status": "Disabled"
            }
        }
    },
    "osp-org-hierarchy": {
        "arn": "arn:aws:dynamodb:us-west-2:168860074409:table/osp-org-hierarchy-qa"
    },
    "email-signature-data": {
        "arn": "arn:aws:dynamodb:us-west-2:168860074409:table/email-signature-data-qa"
    },
    "chat": {
        "platinum": {
            "flex-flow-url": "https://flex-api.twilio.com/v1/Channels"
        }
    }
}
