{
    "$schema": "http://json-schema.org/draft-07/schema#",
    "type": "object",
    "properties": {
        "email": {
            "description": "User email",
            "type": "string"
        },
        "accountId": {
            "description": "Account id",
            "type": "string"
        },
        "cmdId": {
            "description": "CMD id",
            "type": "string"
        },
        "firstName": {
            "description": "First name",
            "type": "string"
        },
        "lastName": {
            "description": "Last name",
            "type": "string"
        }
    }
}
