{
    "$schema": "http://json-schema.org/draft-07/schema#",
    "type": "object",
    "properties": {
        "userInfo": {
            "description": "User info",
            "type": "object",
            "properties": {
                "given_name": {
                    "type": "string"
                },
                "family_name": {
                    "type": "string"
                },
                "phone_number": {
                    "type": "string"
                },
                "email": {
                    "type": "string"
                },
                "ucaId": {
                    "type": "string"
                }
            }
        },
        "location": {
            "type": "string"
        },
        "chatOption": {
            "type": "string"
        }
    }
}
