{
    "$schema": "http://json-schema.org/draft-07/schema#",
    "type": "object",
    "properties": {
        "task_sid": {
            "type": "string"
        },
        "flex_flow_sid": {
            "type": "string"
        },
        "account_sid": {
            "type": "string"
        },
        "user_sid": {
            "type": "string"
        },
        "url": {
            "type": "string"
        },
        "date_updated": {
            "type": "string"
        },
        "sid": {
            "type": "string"
        },
        "date_created": {
            "type": "string"
        }
    }
}
