{
    "$schema": "http://json-schema.org/draft-07/schema#",
    "type": "object",
    "properties": {
        "ucaId": {
            "description": "User ucaId",
            "type": "string"
        },
        "cmdId": {
            "description": "CMD id",
            "type": "string"
        },
        "firstName": {
            "description": "First name",
            "type": "string"
        },
        "lastName": {
            "description": "Last name",
            "type": "string"
        },
        "onboarded": {
            "description": "Onboarding status",
            "type": "boolean"
        }
    }
}
