{
    "$schema": "http://json-schema.org/draft-07/schema#",
    "type": "object",
    "properties": {
        "associatePin": {
            "type": "string"
        },
        "email": {
            "type": "string"
        },
        "firstName": {
            "type": "string"
        },
        "isActive": {
            "type": "boolean"
        },
        "lastName": {
            "type": "string"
        },
        "path": {
            "type": "string"
        },
        "sequenceNumber": {
            "type": "number"
        },
        "storeId": {
            "type": "string"
        },
        "updateDateTime": {
            "type": "string"
        },
        "workPhone": {
            "type": "array",
            "items": {
                "type": "string"
            }
        },
        "mobilePhone": {
            "type": "string"
        },
        "office365PhotoUrl": {
            "type": "string"
        }
    }
}
